,City,Cloudiness,Country,Date,Humidity,Lat,Lng,Max Temp,Wind Speed
0,Djambala,21,CG,1559778080,70,-2.55,14.76,72.05,5.28
1,Rikitea,100,PF,1559778081,84,-23.12,-134.97,76.91,13.04
2,Wattegama,98,LK,1559778082,86,7.35,80.68,73.49,2.98
3,Sao Felix do Xingu,17,BR,1559778083,78,-6.64,-51.99,73.67,3.33
4,Atuona,26,PF,1559778084,76,-9.8,-139.03,82.49,18.68
5,Esperance,20,TT,1559778085,74,10.24,-61.45,82.4,9.17
6,Leninskoye,0,RU,1559778087,72,54.82,82.85,59.0,6.71
7,Vao,0,EE,1559778088,82,59.1,26.19,63.41,4.32
8,Hermanus,54,ZA,1559778089,99,-34.42,19.24,52.0,5.01
9,Haizhou,100,CN,1559778090,91,34.58,119.13,73.31,19.64
10,Husavik,100,CA,1559778091,24,50.56,-96.99,71.01,7.11
11,Chokurdakh,0,RU,1559778092,42,70.62,147.9,42.17,6.08
12,Pisco,75,PE,1559778094,30,-13.71,-76.2,71.6,11.41
13,Cape Town,40,ZA,1559778083,87,-33.93,18.42,55.0,3.36
14,Souillac,75,FR,1559778096,100,45.6,-0.6,54.0,1.12
15,Santa Vitoria,89,BR,1559778097,68,-7.82,-67.03,79.61,1.86
16,Bethel,40,US,1559778099,62,60.79,-161.76,57.2,10.29
17,Troitsko-Pechorsk,70,RU,1559778100,86,62.71,56.19,48.11,3.06
18,Hobart,75,AU,1559777960,62,-42.88,147.33,57.99,6.62
19,Matamoros,20,US,1559778102,88,25.87,-97.51,87.8,11.41
20,Honningsvag,19,NO,1559778103,79,70.98,25.97,41.99,5.64
21,Kodiak,40,US,1559778105,13,39.95,-94.76,89.6,5.82
22,Arraial do Cabo,96,BR,1559778106,66,-22.97,-42.02,71.51,7.96
23,Cabo San Lucas,5,MX,1559777838,60,22.89,-109.91,84.99,16.11
24,Aguimes,75,ES,1559778108,73,27.91,-15.45,70.0,20.8
25,Ushuaia,0,AR,1559778109,75,-54.81,-68.31,41.0,8.39
26,Butaritari,46,KI,1559778110,79,3.07,172.79,85.19,16.24
27,Lagoa,0,PT,1559778112,59,37.14,-8.45,61.0,11.41
28,Zambezi,6,ZM,1559778113,58,-13.55,23.12,54.59,5.26
29,Punta Arenas,0,CL,1559778114,75,-53.16,-70.91,41.0,11.41
30,Port Lincoln,0,AU,1559778115,62,-34.72,135.86,55.31,6.85
31,Iqaluit,90,CA,1559778116,70,63.75,-68.52,42.8,8.05
32,Upernavik,100,GL,1559778117,73,72.79,-56.15,40.91,2.33
33,Akureyri,75,IS,1559778118,89,65.68,-18.09,37.4,11.41
34,Jamestown,0,AU,1559778120,67,-33.21,138.6,48.47,4.52
35,Busselton,100,AU,1559778121,16,-33.64,115.35,66.0,37.92
36,Mandurah,100,AU,1559778122,18,-32.55,115.7,66.0,24.16
37,Hilo,90,US,1559778123,88,19.71,-155.08,78.01,5.82
38,Dingle,92,PH,1559778124,62,11.0,122.67,85.01,10.16
39,Ugoofaaru,100,MV,1559778126,75,5.67,73.0,84.47,17.9
40,Junin,0,PE,1559778127,23,-16.45,-71.58,60.8,4.7
41,Saint George,40,GR,1559778128,100,39.45,22.34,62.6,3.76
42,Hapao,66,PH,1559778129,74,16.88,121.02,70.25,3.13
43,Albany,90,US,1559778120,73,42.65,-73.75,75.2,4.7
44,Havoysund,0,NO,1559778131,81,71.0,24.66,46.4,9.17
45,Lebu,20,ET,1559778132,72,8.96,38.73,59.0,4.7
46,Vaini,92,IN,1559778134,87,15.34,74.49,80.33,1.68
47,Chingirlau,19,KZ,1559778135,92,51.09,54.08,57.11,8.1
48,Chuy,96,UY,1559777919,72,-33.69,-53.46,64.49,18.12
49,Barrow,100,AR,1559778137,87,-38.31,-60.23,55.31,8.1
50,Carnarvon,41,ZA,1559778138,70,-30.97,22.13,41.63,8.25
51,Dikson,0,RU,1559778139,91,73.51,80.55,31.19,2.44
52,Mataura,87,NZ,1559778140,83,-46.19,168.86,41.0,9.91
53,Castlegar,94,CA,1559778142,77,49.32,-117.66,52.61,6.02
54,Maxixe,0,MZ,1559778143,86,-23.86,35.35,61.43,6.6
55,Mersing,100,MY,1559778144,96,2.43,103.84,74.93,1.1
56,Kruisfontein,66,ZA,1559778145,86,-34.0,24.73,51.53,13.47
57,Zhangye,23,CN,1559778146,27,38.94,100.46,67.01,2.93
58,Axim,100,GH,1559778147,84,4.87,-2.24,79.25,9.42
59,Khatanga,27,RU,1559778148,54,71.98,102.47,53.15,4.72
60,Santa Maria,16,BR,1559778151,88,-29.69,-53.81,56.03,5.39
61,Nabire,100,ID,1559778152,85,-3.36,135.5,78.35,0.6
62,Airai,87,TL,1559778153,59,-8.93,125.41,77.81,8.75
63,Shingu,0,JP,1559778154,78,33.72,135.99,75.2,6.93
64,Orimattila,0,FI,1559778155,93,60.8,25.73,60.8,3.36
65,Narsaq,100,GL,1559778156,54,60.91,-46.05,44.6,4.7
66,Port Elizabeth,20,US,1559778158,83,39.31,-74.98,80.6,6.93
67,Kapaa,40,US,1559778159,69,22.08,-159.32,82.4,14.99
68,Svirstroy,98,RU,1559778160,86,60.8,33.72,58.73,1.99
69,Ancud,90,CL,1559778161,100,-41.87,-73.83,48.2,16.11
70,Norman Wells,75,CA,1559778162,66,65.28,-126.83,48.2,8.05
71,Nikolskoye,0,RU,1559778163,72,59.7,30.79,62.6,1.01
72,Basco,1,US,1559778164,78,40.33,-91.2,80.01,6.93
73,Provideniya,75,RU,1559778166,81,64.42,-173.23,42.8,11.18
74,Beringovskiy,96,RU,1559778167,61,63.05,179.32,53.51,8.23
75,Longyearbyen,90,NO,1559778168,74,78.22,15.63,35.6,14.99
76,Sorland,100,NO,1559778169,85,67.67,12.69,49.73,13.71
77,Sola,0,FI,1559778170,82,62.78,29.36,57.2,3.49
78,Talaya,0,RU,1559778171,81,55.79,84.89,51.8,4.47
79,Badou,97,TG,1559778173,92,7.58,0.61,73.67,4.18
80,Sakharovo,0,RU,1559778174,91,56.9,36.05,57.65,3.51
81,Cayenne,0,GF,1559778014,83,4.94,-52.33,80.6,3.36
82,Olkhovatka,1,UA,1559778176,65,48.24,38.4,61.25,9.73
83,Khani,75,GE,1559778177,94,41.96,42.96,71.6,3.36
84,Cidreira,9,BR,1559778178,77,-30.17,-50.22,64.85,14.16
85,Torbay,75,CA,1559778179,58,47.66,-52.73,55.4,16.11
86,Victoria,75,BN,1559778181,88,5.28,115.24,82.4,5.84
87,Matagami,93,NG,1559778182,96,9.67,8.4,70.79,6.71
88,Nanortalik,100,GL,1559778183,65,60.14,-45.24,40.55,22.19
89,Bozoum,98,CF,1559778184,97,6.31,16.38,67.55,5.64
90,Henties Bay,0,NA,1559778182,97,-22.12,14.28,54.0,5.01
91,Sao Filipe,0,CV,1559778186,84,14.9,-24.5,74.39,11.79
92,Diffa,83,NE,1559778187,22,13.32,12.61,97.07,8.32
93,Khoy,7,IR,1559778189,48,38.55,44.95,54.59,5.01
94,Marfino,0,RU,1559778190,67,56.07,37.56,64.99,4.07
95,Taoudenni,0,ML,1559778191,11,22.68,-3.98,97.25,7.61
96,Guerrero Negro,3,MX,1559778192,87,27.97,-114.04,64.85,13.71
97,Thompson,75,CA,1559778193,67,55.74,-97.86,59.0,2.24
98,Churapcha,71,RU,1559778194,61,62.0,132.43,70.25,5.84
99,Dukat,74,RS,1559778196,92,42.44,22.31,57.99,4.29
100,Leningradskiy,41,RU,1559778197,88,69.38,178.42,34.61,4.14
101,Georgetown,40,GY,1559778198,83,6.8,-58.16,82.4,11.41
102,Saskylakh,0,RU,1559778199,42,71.97,114.09,45.95,8.34
103,Castro,90,CL,1559778157,100,-42.48,-73.76,48.2,16.11
104,Hofn,100,IS,1559778202,83,64.25,-15.21,29.93,20.04
105,Alofi,75,NU,1559778203,88,-19.06,-169.92,80.6,9.17
106,Bluff,100,AU,1559778204,48,-23.58,149.07,62.69,19.13
107,Sao Miguel do Araguaia,94,BR,1559778205,52,-13.28,-50.16,80.51,3.56
108,Neuquen,0,AR,1559778206,58,-38.95,-68.06,55.4,4.7
109,Faanui,11,PF,1559778207,79,-16.48,-151.75,81.59,18.86
110,Kirakira,87,SB,1559778209,77,-10.46,161.92,84.29,11.12
111,Port Alfred,56,ZA,1559778210,77,-33.59,26.89,57.0,8.99
112,Ponta do Sol,0,BR,1559778211,90,-20.63,-46.0,53.87,5.17
113,Kuching,75,MY,1559778212,100,1.56,110.34,77.0,2.24
114,Diamantino,0,BR,1559778213,57,-14.4,-56.44,71.33,3.56
115,Mehamn,10,NO,1559778214,75,71.03,27.85,42.89,5.88
116,Salalah,40,OM,1559778216,79,17.01,54.1,86.0,6.93
117,Atar,25,MR,1559778217,10,20.52,-13.05,95.45,13.35
118,East London,100,ZA,1559778216,67,-33.02,27.91,49.91,3.6
119,Selikhino,4,RU,1559778219,52,50.37,137.51,65.75,5.39
120,Puerto Ayora,20,EC,1559778220,61,-0.74,-90.35,80.6,16.11
121,Hamilton,75,BM,1559778221,88,32.3,-64.78,75.2,10.29
122,Bitung,20,ID,1559778223,88,1.44,125.19,80.6,2.24
123,Praia da Vitoria,75,PT,1559778224,82,38.73,-27.07,66.2,20.8
124,Mahebourg,40,MU,1559778225,78,-20.41,57.7,72.0,19.46
125,Zhigansk,33,RU,1559778226,55,66.77,123.37,61.97,8.86
126,Clyde River,20,CA,1559778227,93,70.47,-68.59,37.4,12.75
127,Port Blair,100,IN,1559778228,80,11.67,92.75,85.01,12.39
128,La Ronge,40,CA,1559778230,34,55.1,-105.3,66.2,12.75
129,Anadyr,0,RU,1559778231,62,64.73,177.51,55.4,8.95
130,Yellowknife,75,CA,1559778232,50,62.45,-114.38,51.8,14.99
131,Rawson,0,AR,1559778233,37,-43.3,-65.11,54.95,10.38
132,Solnechnyy,2,RU,1559778234,53,50.72,136.64,65.75,4.29
133,Haines Junction,85,CA,1559778235,33,60.75,-137.51,54.95,7.14
134,Chifeng,65,CN,1559778108,46,42.27,118.96,67.55,6.98
135,Sinnamary,1,GF,1559778237,81,5.38,-52.96,81.95,11.39
136,Sumenep,47,ID,1559778153,79,-7.02,113.87,80.51,9.93
137,Tuktoyaktuk,40,CA,1559778240,50,69.44,-133.03,55.4,9.17
138,Port-Gentil,20,GA,1559778241,94,-0.72,8.78,75.2,8.05
139,Sakaiminato,20,JP,1559778242,56,35.55,133.23,71.6,3.36
140,Tamiahua,90,MX,1559778243,85,21.28,-97.45,83.03,11.1
141,Nampula,0,MZ,1559778244,99,-15.12,39.26,61.43,3.51
142,Halifax,90,CA,1559778060,93,44.65,-63.58,54.0,9.17
143,Lanxi,100,CN,1559778247,81,29.21,119.46,77.63,4.07
144,Tyazhinskiy,59,RU,1559778248,60,56.11,88.52,59.81,6.51
145,Manokwari,32,ID,1559778249,66,-0.87,134.08,80.51,4.18
146,Balezino,97,RU,1559778250,94,57.97,53.01,58.73,9.17
147,Balikpapan,20,ID,1559778251,94,-1.24,116.86,78.8,3.36
148,Eureka,1,US,1559778253,82,40.8,-124.16,61.0,18.34
149,Podgornoye,36,RU,1559778254,68,57.79,82.64,58.91,8.05
150,Petropavlovka,100,RU,1559778255,87,50.61,105.32,41.99,6.42
151,Aloleng,100,PH,1559778256,67,16.13,119.78,86.45,3.96
152,Kalga,0,RU,1559778257,57,50.92,118.9,54.59,3.53
153,Kungurtug,0,RU,1559778258,51,50.6,97.53,48.29,0.36
154,Chibombo,5,ZM,1559778259,66,-14.68,28.09,54.23,3.4
155,Kasongo-Lunda,17,CD,1559778261,38,-6.48,16.82,64.67,3.04
156,Pinawa,100,CA,1559778262,27,50.15,-95.88,75.0,6.64
157,Camacha,40,PT,1559778263,63,33.08,-16.33,66.2,10.29
158,Nova Olimpia,0,BR,1559778264,67,-14.8,-57.29,71.15,2.89
159,College,40,US,1559778265,29,64.86,-147.8,71.01,6.93
160,Nouadhibou,0,MR,1559778266,77,20.93,-17.03,68.0,21.92
161,Pontianak,20,ID,1559778268,94,-0.02,109.34,78.8,10.16
162,Corpus Christi,75,US,1559778069,70,27.8,-97.4,96.8,12.75
163,Luganville,75,VU,1559778270,83,-15.51,167.18,77.0,2.24
164,Chipata,34,ZM,1559778271,86,-13.64,32.65,57.29,5.12
165,Ahipara,52,NZ,1559778272,98,-35.17,173.16,62.01,25.08
166,Katsuura,20,JP,1559778273,78,33.93,134.5,78.01,10.29
167,Eirunepe,0,BR,1559778275,77,-6.66,-69.87,75.29,1.74
168,Kibara,4,TZ,1559778276,66,-2.15,33.45,72.05,4.43
169,Ibra,0,OM,1559778277,63,22.69,58.55,81.41,5.91
170,Saint-Ambroise,0,FR,1559778278,93,47.25,-0.65,54.0,2.24
171,Vila Velha,20,BR,1559778175,74,-3.71,-38.6,82.4,8.05
172,Portel,0,PT,1559778280,54,38.31,-7.71,57.2,8.05
173,Wajir,48,KE,1559778281,66,1.75,40.07,76.73,14.16
174,Saint-Philippe,90,CA,1559778219,72,45.36,-73.48,62.6,4.7
175,Naze,75,NG,1559778283,100,5.43,7.07,69.8,6.17
176,Kambove,0,CD,1559778285,77,-10.88,26.6,53.51,3.8
177,Cherskiy,94,RU,1559778286,31,68.75,161.3,43.79,6.31
178,Danjiangkou,48,CN,1559778287,68,32.54,111.51,74.57,8.72
179,Saldanha,13,PT,1559778288,74,41.42,-6.55,45.59,2.89
180,Rodrigues Alves,20,BR,1559778289,88,-7.74,-72.65,77.0,1.25
181,Lardos,0,GR,1559778290,82,36.09,28.02,68.0,6.93
182,Likhoslavl,0,RU,1559778291,95,57.12,35.47,59.27,3.38
183,Polovinnoye,99,RU,1559778293,93,54.79,65.99,51.89,17.63
184,Codrington,3,AU,1559778294,71,-28.95,153.24,60.01,4.7
185,Grand Gaube,40,MU,1559778295,78,-20.01,57.66,72.0,19.46
186,Lorengau,98,PG,1559778296,71,-2.02,147.27,85.55,5.79
187,Pangnirtung,99,CA,1559778297,34,66.15,-65.72,49.55,3.09
188,The Valley,20,AI,1559778274,78,18.22,-63.06,82.0,9.17
189,Dharchula,0,IN,1559778299,24,29.85,80.53,50.27,10.33
190,Marystown,1,CA,1559778300,87,47.17,-55.16,42.89,8.43
191,Mokolo,100,CM,1559778302,59,10.74,13.8,81.77,13.65
192,Espanola,49,CA,1559778303,48,46.27,-81.77,64.0,4.0
193,Chulym,100,RU,1559778304,97,55.09,80.97,58.91,5.73
194,Tasiilaq,0,GL,1559778305,60,65.61,-37.64,37.4,2.24
195,Karben,40,DE,1559778306,53,50.23,8.77,72.0,12.75
196,Rio do Sul,21,BR,1559778307,95,-27.22,-49.64,61.0,4.34
197,Birao,100,CF,1559778308,55,10.3,22.78,83.75,7.36
198,Olga,1,US,1559778247,54,34.11,-118.17,82.99,11.41
199,Broken Hill,75,AU,1559778311,81,-31.97,141.45,42.8,12.75
200,Kjollefjord,9,NO,1559778312,78,70.95,27.35,43.07,8.3
201,Tagusao,68,PH,1559778313,71,9.19,117.81,84.29,1.81
202,Tagbac,20,PH,1559778314,88,7.09,125.16,78.8,3.36
203,Tamworth,0,AU,1559778315,87,-31.09,150.93,44.6,3.36
204,Barcelos,40,PT,1559778220,76,41.53,-8.62,59.0,4.7
205,Talnakh,0,RU,1559778317,86,69.49,88.39,37.4,15.66
206,Jacareacanga,50,BR,1559778319,71,-6.22,-57.76,78.17,1.45
207,New Norfolk,75,AU,1559778320,62,-42.78,147.06,57.99,6.62
208,Mar del Plata,37,AR,1559778270,54,-46.43,-67.52,49.01,18.88
209,Qinzhou,100,CN,1559778322,73,21.96,108.62,85.73,14.85
210,Sarangani,100,PH,1559778323,70,5.4,125.46,83.75,7.85
211,Cancun,40,MX,1559778102,74,21.17,-86.85,84.2,14.99
212,Ribeira Grande,0,PT,1559778308,86,38.52,-28.7,64.67,16.67
213,Ayotzintepec,100,MX,1559778326,93,17.67,-96.13,64.67,1.66
214,Rio Cuarto,0,AR,1559778327,82,-33.13,-64.35,55.4,3.36
215,Amberley,57,NZ,1559778329,70,-43.15,172.73,53.01,8.05
216,Sioux Lookout,75,CA,1559778330,35,50.1,-91.92,71.6,2.24
217,Opuwo,0,NA,1559778331,25,-18.06,13.84,58.19,4.07
218,Isangel,90,VU,1559778330,78,-19.55,169.27,78.8,9.17
219,Bathsheba,20,BB,1559778087,74,13.22,-59.52,82.4,13.87
220,Kavieng,73,PG,1559778334,73,-2.57,150.8,85.19,8.48
221,Nuuk,75,GL,1559778335,52,64.17,-51.74,46.4,14.99
222,Silver City,40,US,1559778337,23,32.77,-108.28,82.99,12.75
223,Christchurch,57,NZ,1559778338,70,-43.53,172.64,53.01,8.05
224,Nyagan,91,RU,1559778339,87,62.14,65.43,41.45,7.2
225,Badulla,82,LK,1559778340,85,6.99,81.06,68.99,3.83
226,Rancho Palos Verdes,40,US,1559778341,73,33.75,-118.37,82.4,12.75
227,Fukue,0,JP,1559778342,60,35.03,136.69,80.01,12.75
228,Hambantota,100,LK,1559778343,82,6.12,81.12,82.85,14.63
229,Coquimbo,40,CL,1559778345,93,-29.95,-71.34,63.0,2.24
230,Presidencia Roque Saenz Pena,0,AR,1559778346,78,-26.79,-60.44,64.49,9.95
231,Kupang,20,ID,1559778347,78,-10.16,123.6,77.0,12.75
232,Campos Belos,35,BR,1559778348,54,-13.04,-46.77,76.37,4.56
233,Kirensk,64,RU,1559778349,80,57.78,108.12,53.33,2.86
234,Kitimat,75,CA,1559778350,36,54.02,-128.69,64.4,3.36
235,Khislavichi,0,RU,1559778352,93,54.19,32.16,58.73,5.41
236,Teresina,0,BR,1559778355,78,-5.09,-42.81,80.6,1.12
237,Nome,75,US,1559778356,88,30.04,-94.42,77.0,11.41
238,Gushikawa,1,JP,1559778357,83,26.35,127.87,84.2,8.05
239,La Primavera,0,AR,1559778358,76,-32.92,-68.67,55.4,3.36
240,Kaitangata,92,NZ,1559778360,64,-46.28,169.85,52.0,4.0
241,Hasaki,40,JP,1559778361,78,35.73,140.83,77.0,1.12
242,Weligama,100,LK,1559778362,80,5.97,80.42,82.67,12.08
243,Puerto Escondido,40,MX,1559778363,70,15.86,-97.07,86.0,6.93
244,Portland,75,US,1559778294,55,45.52,-122.67,66.99,3.36
245,Snyder,1,US,1559778365,42,32.72,-100.92,87.01,3.36
246,Mackay,40,CA,1559778367,71,53.65,-115.58,59.0,9.17
247,Fort Nelson,75,CA,1559778368,54,58.81,-122.69,53.6,11.41
248,Dunedin,89,NZ,1559778301,50,-45.87,170.5,51.01,3.0
249,Havre-Saint-Pierre,20,CA,1559778370,76,50.23,-63.6,48.2,11.41
250,Khingansk,99,RU,1559778371,68,49.12,131.18,65.39,3.0
251,Lavrentiya,19,RU,1559778372,49,65.58,-170.99,57.83,5.44
252,Linxia,81,CN,1559778373,47,35.6,103.21,59.45,3.65
253,Fairbanks,40,US,1559778346,29,64.84,-147.72,71.01,6.93
254,Margate,75,AU,1559778376,62,-43.03,147.26,57.99,6.62
255,Aksarka,100,RU,1559778377,96,66.56,67.8,31.73,13.04
256,Qaanaaq,96,GL,1559778378,78,77.48,-69.36,27.05,1.19
257,Sitka,49,US,1559778379,33,37.17,-99.65,84.29,5.06
258,Tiksi,0,RU,1559778234,73,71.64,128.87,33.17,8.52
259,Oksfjord,46,NO,1559778381,93,70.24,22.35,48.2,9.17
260,Vestmannaeyjar,24,IS,1559778382,59,63.44,-20.27,48.47,20.13
261,Bredasdorp,52,ZA,1559778384,87,-34.53,20.04,51.8,6.93
262,San Quintin,90,PH,1559778385,64,17.54,120.52,86.99,2.3
263,Coihaique,75,CL,1559778238,81,-45.58,-72.07,44.6,6.93
264,San Antonio,90,CL,1559778188,100,-33.58,-71.61,57.2,4.7
265,Tazovskiy,88,RU,1559778392,81,67.47,78.7,42.71,6.89
266,Pineville,90,US,1559778393,88,31.32,-92.43,73.99,6.93
267,Beyneu,0,KZ,1559778394,29,45.32,55.19,69.35,9.4
268,Valparaiso,1,US,1559778395,54,41.47,-87.06,82.99,6.93
269,High Rock,75,BS,1559778397,66,26.63,-78.28,84.2,9.17
270,Rocha,99,UY,1559778261,83,-34.48,-54.34,56.93,12.17
271,Moyale,40,ET,1559778399,74,3.52,39.05,69.53,5.55
272,Hithadhoo,46,MV,1559778160,79,-0.6,73.08,83.93,12.5
273,Pordim,75,BG,1559778401,88,43.38,24.85,62.6,2.24
274,Vardo,1,US,1559778385,69,39.62,-77.74,75.99,6.93
275,Aljezur,0,PT,1559778403,79,37.31,-8.8,61.0,12.68
276,Hailey,20,US,1559778405,27,43.52,-114.32,75.2,3.36
277,Nemuro,33,JP,1559778406,85,43.32,145.57,48.47,8.1
278,Geraldton,40,CA,1559778407,32,49.72,-86.95,66.2,4.7
279,Sangar,32,RU,1559778408,51,63.92,127.47,68.81,9.93
280,Baykit,18,RU,1559778409,44,61.68,96.39,62.33,2.15
281,Dwarka,20,IN,1559778410,38,28.58,77.04,91.4,6.85
282,Bambanglipuro,67,ID,1559778172,85,-7.95,110.28,78.35,6.76
283,Carutapera,73,BR,1559778413,92,-1.2,-46.02,77.09,5.08
284,Kudahuvadhoo,98,MV,1559778414,79,2.67,72.89,83.75,15.64
285,Miri,85,NG,1559778415,61,10.31,9.75,81.05,10.92
286,Lamar,75,US,1559778255,64,38.09,-102.62,69.8,13.87
287,Boa Vista,75,BR,1559778306,78,2.82,-60.67,82.4,1.12
288,Pevek,0,RU,1559778419,82,69.7,170.27,33.71,3.83
289,Anloga,40,GH,1559778421,88,5.79,0.9,80.6,16.11
290,Newport,83,GB,1559778422,87,51.59,-3.0,53.01,8.05
291,Turbat,63,PK,1559778423,21,26.0,63.05,93.65,3.91
292,La Paz,5,MX,1559778425,42,24.15,-110.32,84.2,13.87
293,Yenagoa,99,NG,1559778426,96,4.92,6.26,74.93,3.24
294,Namtsy,0,RU,1559778427,59,62.72,129.66,66.2,8.95
295,Cockburn Town,0,TC,1559778347,79,21.46,-71.14,81.77,11.92
296,Woodward,1,US,1559778429,42,36.43,-99.39,87.01,5.82
297,Romny,35,UA,1559778431,90,50.74,33.49,59.09,8.19
298,Sobolevo,0,RU,1559778432,94,54.43,31.9,58.73,5.53
299,Kununurra,0,AU,1559778433,29,-15.77,128.74,60.8,12.75
300,Fare,2,PF,1559778434,79,-16.7,-151.02,81.23,17.43
301,Arcata,75,US,1559778435,87,40.87,-124.08,61.0,14.99
302,Seybaplaya,40,MX,1559778436,59,19.65,-90.67,93.2,11.41
303,Barabai,93,ID,1559778438,91,-2.59,115.38,78.17,0.4
304,Longyan,95,CN,1559778439,91,25.1,117.03,74.93,3.69
305,Karratha,0,AU,1559778440,24,-20.74,116.85,64.85,23.06
306,Kibala,20,TD,1559778441,74,9.11,18.35,80.6,8.68
307,Vanimo,100,PG,1559778442,71,-2.67,141.3,83.21,4.97
308,Ponta Delgada,20,PT,1559778443,82,37.73,-25.67,62.6,10.29
309,San Patricio,0,PY,1559778445,86,-26.98,-56.83,58.91,7.58
310,Todos Santos,5,MX,1559778446,57,23.45,-110.23,84.0,10.29
311,Lyskovo,16,RU,1559778447,82,56.03,45.04,55.49,7.2
312,Sistranda,0,NO,1559778448,72,63.73,8.83,59.0,6.93
313,Dongzhen,31,CN,1559778449,45,43.33,129.73,69.53,6.8
314,Borgarnes,0,IS,1559778450,56,64.54,-21.92,45.0,20.8
315,Guane,55,CU,1559778451,77,22.2,-84.09,83.93,9.98
316,Ambon,34,FR,1559778453,93,47.55,-2.56,55.99,2.24
317,Bima,73,ID,1559778454,85,-8.45,118.73,74.39,4.68
318,Santa Fe,17,AR,1559778247,81,-31.62,-60.7,64.99,5.01
319,Avarua,4,CK,1559778312,69,-21.21,-159.78,77.0,12.75
320,Katobu,38,ID,1559778457,84,-4.94,122.53,79.07,5.59
321,Farah,0,AF,1559778458,23,32.37,62.11,79.07,7.81
322,Byron Bay,100,AU,1559778459,67,-28.65,153.62,63.0,10.29
323,Honiara,20,SB,1559778461,79,-9.43,159.96,84.2,9.57
324,Honolulu,75,US,1559778462,62,21.3,-157.86,86.0,11.41
325,Flin Flon,75,CA,1559778463,42,54.77,-101.88,66.2,12.75
326,Maniitsoq,99,GL,1559778464,42,65.42,-52.9,51.53,5.61
327,Araouane,0,ML,1559778465,8,18.9,-3.53,92.75,5.86
328,Scottsbluff,1,US,1559778466,42,41.87,-103.67,82.4,10.29
329,Adwa,100,ET,1559778468,72,14.16,38.9,68.27,2.28
330,Batagay,0,RU,1559778469,38,67.65,134.64,57.29,7.4
331,Orissaare,0,EE,1559778470,68,58.56,23.08,66.2,6.93
332,Mach,0,PK,1559778471,27,29.87,67.33,63.95,5.5
333,Santiago del Estero,2,AR,1559778472,56,-27.8,-64.26,67.37,13.24
334,Aklavik,40,CA,1559778331,41,68.22,-135.01,60.8,6.93
335,Ruyigi,82,BI,1559778474,66,-3.47,30.25,61.43,3.09
336,Koping,3,SE,1559778475,72,59.51,15.99,64.99,4.7
337,Iranshahr,0,IR,1559778477,12,27.21,60.69,85.73,6.89
338,Norton,0,ZW,1559778478,49,-17.87,30.7,53.33,3.74
339,Cleethorpes,99,GB,1559778479,87,53.56,-0.03,55.4,4.32
340,Maracaibo,75,CO,1559778480,69,3.41,-75.78,78.8,12.75
341,Santona,75,ES,1559778482,76,43.44,-3.46,55.99,4.7
342,Gat,20,SN,1559778483,83,14.69,-16.54,71.6,8.05
343,Qiongshan,0,CN,1559778484,88,20.01,110.35,82.4,6.71
344,Mana,90,RS,1559778485,100,43.52,20.24,59.0,1.12
345,Dhemaji,12,IN,1559778486,75,27.48,94.56,79.25,2.3
346,Yatou,75,CM,1559778487,94,3.63,9.81,73.4,3.36
347,Saint-Paul,90,FR,1559778489,100,45.22,1.9,48.99,3.36
348,Kinlochleven,94,GB,1559778490,94,56.71,-4.97,48.99,3.0
349,Srednekolymsk,94,RU,1559778491,49,67.46,153.71,45.23,15.5
350,Champerico,90,MX,1559778492,65,16.38,-93.6,82.4,11.41
351,Ostrovnoy,0,RU,1559778493,83,68.05,39.51,38.75,4.36
352,Tanout,99,NE,1559778494,15,14.97,8.88,98.69,11.5
353,Tabou,85,CI,1559778496,87,4.42,-7.36,75.83,2.91
354,Gazli,26,UZ,1559778497,20,40.13,63.45,85.19,4.27
355,Rio Gallegos,0,AR,1559778498,71,-51.62,-69.22,39.2,6.93
356,Adrar,94,DZ,1559778499,11,27.87,-0.29,91.4,9.17
357,La Reforma,75,GT,1559778500,70,14.8,-91.82,86.0,6.93
358,Usinsk,78,RU,1559778502,64,66.0,57.56,48.83,6.26
359,La Rioja,92,AR,1559778503,86,-29.41,-66.86,52.25,1.79
360,Teruel,3,ES,1559778504,75,40.34,-1.11,62.6,5.82
361,Ilulissat,5,GL,1559778505,60,69.22,-51.1,42.8,4.7
362,Taytay,100,PH,1559778506,83,10.83,119.52,83.03,7.05
363,Port Hardy,75,CA,1559778507,59,50.7,-127.42,62.6,10.29
364,Cartagena,0,ES,1559778509,72,37.63,-1.0,71.01,4.7
365,Buritis,60,BR,1559778320,60,-15.62,-46.42,73.13,5.26
366,Mount Isa,91,AU,1559778511,37,-20.73,139.49,55.4,14.99
367,Marzuq,0,YE,1559778512,44,14.4,46.47,79.07,5.77
368,Lagos,40,NG,1559778340,88,6.46,3.39,80.6,3.36
369,Teya,40,MX,1559778514,39,21.05,-89.07,97.0,4.7
370,Manicore,79,BR,1559778515,69,-5.81,-61.3,80.51,2.3
371,Sao Joao da Barra,0,BR,1559778517,93,-21.64,-41.05,66.2,3.83
372,Cochrane,100,CL,1559778518,94,-47.25,-72.57,35.33,4.74
373,Niquero,5,CU,1559778519,69,20.04,-77.58,84.65,5.28
374,Ullapool,88,GB,1559778520,83,57.9,-5.16,48.99,1.01
375,Murliganj,77,IN,1559778521,74,25.9,86.99,82.67,13.33
376,Waingapu,81,ID,1559778522,76,-9.65,120.26,75.29,15.77
377,Mian Channun,0,PK,1559778260,17,30.44,72.35,90.77,4.85
378,Hualmay,53,PE,1559778524,88,-11.1,-77.61,62.69,15.23
379,Teguldet,60,RU,1559778526,61,57.31,88.17,58.73,5.06
380,Ngunguru,2,NZ,1559778527,68,-35.62,174.5,59.0,13.0
381,Amapa,40,HN,1559778528,63,15.09,-87.97,91.4,17.22
382,Labuhan,42,ID,1559778529,78,-2.54,115.51,80.33,1.03
383,Milkovo,96,BG,1559778530,87,41.53,24.68,66.99,3.36
384,Trincomalee,100,LK,1559778531,87,8.58,81.23,77.27,5.39
385,Kon Tum,96,VN,1559778532,90,14.36,108.0,73.85,0.38
386,Makakilo City,75,US,1559778380,62,21.35,-158.09,86.0,11.41
387,Moscow,0,RU,1559778433,67,55.75,37.62,64.99,4.07
388,Gizo,0,IL,1559778536,69,31.8,34.94,81.0,5.82
389,Kandrian,99,PG,1559778537,81,-6.21,149.55,80.15,9.1
390,Coracao de Jesus,0,BR,1559778538,60,-16.69,-44.37,69.8,6.93
391,Son La,53,VN,1559778296,96,21.32,103.9,69.17,1.14
392,Severo-Kurilsk,99,RU,1559778540,98,50.68,156.12,41.27,9.26
393,Port Macquarie,1,AU,1559778541,66,-31.43,152.91,63.0,6.93
394,Shimoda,75,JP,1559778390,83,34.7,138.93,75.0,3.36
395,Cedeno,98,CO,1559778543,99,7.05,-72.16,51.35,0.34
396,The Pas,40,CA,1559778545,42,53.82,-101.24,66.2,3.36
397,Kopargaon,15,IN,1559778546,57,19.89,74.48,80.87,15.55
398,Starkville,40,US,1559778354,74,33.45,-88.82,84.2,3.36
399,Santa Cruz Cabralia,90,BR,1559778366,88,-16.28,-39.02,71.6,4.7
400,Kholmogory,40,RU,1559778549,100,64.23,41.65,42.8,3.67
401,Acajutla,99,SV,1559778550,90,13.59,-89.83,78.01,5.23
402,Sterling,1,US,1559778551,73,39.0,-77.4,80.01,3.36
403,Tual,97,ID,1559778552,81,-5.67,132.75,82.31,21.99
404,Bilibino,82,RU,1559778554,31,68.06,166.44,47.57,7.78
405,Kavaratti,100,IN,1559778555,75,10.57,72.64,84.65,13.6
406,Golden,90,CA,1559778556,34,51.3,-116.96,64.4,3.36
407,Gamba,3,CN,1559778557,57,28.28,88.52,38.57,4.36
408,Aksu,75,KZ,1559778558,87,52.04,76.93,50.0,6.71
409,Caravelas,43,BR,1559778559,72,-17.73,-39.27,74.93,11.23
410,Ouesso,79,CG,1559778560,97,1.61,16.05,71.69,2.26
411,Celestun,61,MX,1559778562,73,20.87,-90.4,87.71,13.2
412,Hastings,10,NZ,1559778563,62,-39.64,176.84,51.53,8.59
413,Azul,100,AR,1559778317,88,-36.78,-59.86,53.69,5.59
414,Mandera,51,ET,1559778565,69,3.94,41.86,77.99,12.35
415,Talara,45,PE,1559778566,90,-4.58,-81.27,68.45,19.19
416,Nisia Floresta,20,BR,1559778567,78,-6.09,-35.21,77.0,6.93
417,Carnot,100,CF,1559778569,98,4.94,15.87,69.71,4.27
418,Faya,0,SA,1559778570,27,18.39,42.45,68.0,4.76
419,Wenling,100,CN,1559778571,81,28.38,121.38,89.01,3.0
420,Awjilah,0,LY,1559778572,36,29.14,21.3,78.17,8.97
421,Hopewell,40,US,1559778573,100,37.3,-77.29,75.2,4.7
422,Torrington,1,US,1559778575,28,42.06,-104.18,82.4,9.17
423,Mayo,90,CA,1559778576,29,63.59,-135.9,62.6,5.82
424,Voghera,0,IT,1559778577,49,44.99,9.01,71.01,3.36
425,Buarcos,20,PT,1559778578,76,40.16,-8.88,55.4,3.36
426,Moindou,0,NC,1559778579,64,-21.69,165.68,73.4,2.24
427,San Jeronimo,0,PE,1559778580,80,-13.65,-73.37,40.55,2.64
428,Olinda,40,EC,1559778582,69,-2.03,-79.75,82.4,13.87
429,Namibe,0,AO,1559778583,66,-15.19,12.15,71.51,6.15
430,Muli,0,IN,1559778584,75,22.62,71.45,83.21,15.75
431,Paisley,75,GB,1559778585,87,55.85,-4.42,53.6,5.82
432,Prainha,73,BR,1559778586,93,-1.8,-53.48,75.83,0.6
433,Ust-Nera,69,RU,1559778587,51,64.57,143.24,48.65,5.08
434,Brae,21,GB,1559778588,87,60.4,-1.35,48.2,2.71
435,Lompoc,1,US,1559778590,72,34.64,-120.46,75.0,12.75
436,Ulladulla,0,AU,1559778591,53,-35.36,150.48,53.01,8.05
437,Saint-Louis,90,CH,1559778592,77,47.59,7.56,64.0,17.22
438,Fortuna,0,ES,1559778593,37,38.18,-1.13,71.01,5.82
439,Birjand,0,IR,1559778594,36,32.86,59.22,62.6,6.93
440,Sena Madureira,30,BR,1559778596,77,-9.07,-68.66,74.57,1.95
441,Assare,32,BR,1559778597,59,-6.87,-39.88,68.45,4.9
442,Qaqortoq,100,GL,1559778598,54,60.72,-46.03,44.6,4.7
443,Balkhash,3,KZ,1559778599,48,46.84,74.98,66.29,10.67
444,Bhinga,0,IN,1559778600,43,27.7,81.93,88.79,9.04
445,Yerbogachen,100,RU,1559778601,76,61.28,108.01,54.59,0.89
446,Tacuarembo,66,UY,1559778602,92,-31.73,-55.98,54.59,9.82
447,Doctor Arroyo,89,MX,1559778350,27,23.67,-100.18,85.73,4.21
448,Sambava,7,MG,1559778605,97,-14.27,50.17,64.13,4.25
449,Emerald,100,AU,1559778606,54,-23.53,148.16,55.99,16.11
450,Teguise,75,ES,1559778607,68,29.06,-13.56,68.0,10.29
451,Arman,100,RU,1559778608,71,59.7,150.17,52.61,4.29
452,Makinsk,12,KZ,1559778609,91,52.63,70.42,41.45,5.99
453,Serebryanyy Bor,99,RU,1559778610,46,56.8,124.8,68.63,1.57
454,Glossa,20,GR,1559778612,88,35.47,23.78,66.99,5.12
455,Mitrofanovka,99,UA,1559778613,89,45.45,34.68,66.65,5.99
456,Flagstaff,20,US,1559778611,22,35.2,-111.65,84.0,5.82
457,Vostok,90,RU,1559778615,79,46.45,135.83,63.77,3.27
458,Batagay-Alyta,1,RU,1559778616,48,67.8,130.41,41.27,5.91
459,Maldonado,0,UY,1559778617,87,-34.91,-54.96,53.6,8.05
460,Merauke,85,ID,1559778618,81,-8.49,140.4,80.87,26.78
461,Cabedelo,20,BR,1559778619,83,-6.97,-34.84,77.0,6.93
462,Yulara,0,AU,1559778621,50,-25.24,130.99,44.6,13.87
463,Russell,0,AR,1559778622,76,-33.01,-68.8,55.4,3.36
464,Azanka,86,RU,1559778623,92,58.04,64.79,47.03,9.31
465,Natal,20,BR,1559778624,78,-5.81,-35.21,77.0,6.93
466,Moree,0,AU,1559778625,71,-29.46,149.84,55.99,5.82
467,Warwick,90,US,1559778627,100,41.7,-71.42,73.0,8.05
468,La Palma,94,CO,1559778629,88,5.36,-74.39,72.77,2.66
469,Mount Pleasant,40,US,1559778539,78,33.16,-94.97,78.01,3.36
470,Am Timan,99,TD,1559778612,47,11.04,20.28,88.43,7.72
471,Pampa,1,US,1559778505,39,35.54,-100.96,84.2,3.36
472,Ballina,100,IE,1559778633,94,54.11,-9.15,46.99,1.99
473,Tateyama,40,JP,1559778635,78,36.66,137.31,78.01,4.7
474,Komsomolskiy,100,RU,1559778636,87,67.55,63.78,29.21,7.02
475,Ejura,80,GH,1559778637,82,7.38,-1.37,76.73,8.75
476,Samarai,99,PG,1559778638,94,-10.62,150.67,76.55,8.23
477,Shaoyang,12,CN,1559778639,82,27.23,111.45,77.45,5.84
478,Ghanzi,0,BW,1559778641,27,-21.7,21.65,60.17,3.98
479,Half Moon Bay,40,US,1559778642,59,37.46,-122.43,77.0,20.8
480,Pyapon,100,MM,1559778643,80,16.29,95.68,83.03,3.42
481,Blackwater,100,GB,1559778644,81,51.33,-0.78,55.99,8.05
482,Inuvik,40,CA,1559778645,31,68.36,-133.71,60.8,10.29
483,Leesburg,1,US,1559778405,73,39.12,-77.56,79.0,4.7
484,Alexandria,90,US,1559778558,88,31.31,-92.44,73.99,6.93
485,Gorele,75,TR,1559778649,88,41.03,39.0,73.4,1.12
486,Kieta,97,PG,1559778650,71,-6.22,155.63,84.65,8.23
487,Seymchan,5,RU,1559778651,51,62.93,152.39,58.55,6.11
488,Grindavik,0,IS,1559778652,75,63.84,-22.43,45.0,20.8
489,Baruun-Urt,100,MN,1559778653,44,46.68,113.28,58.73,13.98
490,Naryan-Mar,100,RU,1559778654,95,67.67,53.09,44.87,2.24
491,Balagon,97,PH,1559778656,86,11.91,125.25,79.61,4.12
492,La Asuncion,95,EC,1559778657,94,-1.64,-78.74,46.49,4.34
493,Sur,0,OM,1559778658,45,22.57,59.53,90.95,11.7
494,Ambulu,59,ID,1559778659,82,-8.35,113.61,77.81,5.99
495,Filingue,55,NE,1559778660,27,14.35,3.32,95.81,1.61
496,Prachuap Khiri Khan,99,TH,1559778661,95,11.81,99.79,73.13,1.3
497,Tuatapere,78,NZ,1559778662,83,-46.13,167.69,41.0,31.52
498,Lexington,40,US,1559778640,69,38.05,-84.5,86.0,6.93
499,Rosetta,0,EG,1559778665,73,31.4,30.42,73.99,9.17
500,Agadez,1,NE,1559778666,48,16.97,7.99,86.0,15.75
501,Palembang,75,ID,1559778667,94,-2.99,104.76,80.6,4.7
502,Port Moresby,40,PG,1559778668,78,-9.47,147.16,82.4,23.04
503,Bozeman,1,US,1559778381,23,45.68,-111.04,81.0,5.82
504,Whyalla,40,AU,1559778670,100,-33.04,137.58,39.2,4.45
505,San Cristobal,75,EC,1559778672,68,-0.39,-78.55,64.4,10.29
506,West Bay,40,GB,1559778673,93,50.71,-2.76,50.0,2.24
507,Pleasant Point,84,NZ,1559778674,55,-44.26,171.13,53.87,9.42
508,Vryburg,6,ZA,1559778675,56,-26.96,24.73,50.09,4.97
509,Havelock,75,US,1559778676,74,34.88,-76.9,78.8,17.22
510,Marsh Harbour,14,BS,1559778677,79,26.54,-77.06,80.87,10.27
511,Peddapuram,73,IN,1559778678,81,17.08,82.14,84.83,2.46
512,Ust-Kuyga,0,RU,1559778680,37,70.0,135.55,49.55,13.11
513,Huangchuan,20,CN,1559778681,82,24.57,102.46,68.0,13.42
514,Nhulunbuy,75,AU,1559778682,64,-12.18,136.78,75.2,18.34
515,Nortelandia,0,BR,1559778683,64,-14.45,-56.8,70.43,2.59
516,Dzilam Gonzalez,33,MX,1559778684,73,21.28,-88.93,86.09,15.97
517,Tyrma,95,RU,1559778685,57,50.04,132.17,67.73,3.22
518,Florida,20,CU,1559778551,66,21.53,-78.23,84.2,13.87
519,Mitsamiouli,2,KM,1559778687,72,-11.38,43.28,80.33,11.1
520,Deputatskiy,0,RU,1559778689,38,69.3,139.9,45.05,9.17
521,Mataram,65,ID,1559778690,97,-5.32,105.06,74.21,0.74
522,Biu,100,NG,1559778691,78,10.61,12.19,78.53,18.63
523,Baiyin,0,CN,1559778692,100,36.55,104.13,48.2,4.47
524,Wajima,75,JP,1559778693,82,37.4,136.9,64.4,5.82
525,Brunico,20,IT,1559778694,46,46.8,11.94,73.4,8.05
526,Minsk,0,BY,1559778422,93,53.9,27.56,60.8,2.24
527,Lufilufi,20,WS,1559778696,62,-13.87,-171.6,89.6,14.99
528,Kirkwood,75,ZA,1559778698,82,-33.4,25.44,55.4,20.8
529,Cururupu,75,BR,1559778699,97,-1.82,-44.87,73.49,1.39
530,Tura,94,IN,1559778700,79,25.52,90.21,77.81,5.46
531,Vilhena,0,BR,1559778701,88,-12.74,-60.15,71.6,5.82
532,Aleksinac,20,RS,1559778702,82,43.54,21.71,64.4,4.68
533,Buala,94,SB,1559778703,79,-8.15,159.59,84.29,11.65
534,San Luis,78,AR,1559778478,60,-33.3,-66.34,59.09,9.4
535,Kango,100,GA,1559778706,97,0.19,10.1,71.51,2.39
536,Berwick,75,US,1559778707,57,41.06,-76.25,77.0,4.38
537,Lazaro Cardenas,75,MX,1559778708,22,28.39,-105.62,89.6,9.17
538,Ranong,40,TH,1559778710,100,9.96,98.62,77.0,3.02
539,Woodstock,90,CA,1559778711,93,43.13,-80.75,69.8,3.36
540,Nizhnevartovsk,0,RU,1559778629,62,60.93,76.58,59.0,8.95
541,Nokha,0,IN,1559778713,19,27.56,73.47,93.47,7.45
542,Balao,75,EC,1559778714,74,-2.91,-79.82,81.0,4.7
